,0
BOS,False
A1,False
A2,False
A3,False
A4,False
A5,False
A6,False
A7,False
A8,False
A9,False
A10,False
A11,False
A12,False
A13,False
A14,False
A15,False
A16,False
A17,False
A18,False
A19,False
A20,False
A21,False
A22,False
A23,False
A24,False
A25,False
A26,False
A27,False
A28,False
A29,False
A30,False
A31,False
A32,True
A33,True
A34,False
A35,False
A36,False
A37,False
A38,False
A39,False
A40,False
A41,False
A42,False
A43,False
A44,False
A45,False
A46,False
A47,False
A48,False
A49,False
A50,False
A51,False
A52,False
A53,False
A54,False
A55,False
A56,False
A57,False
A58,False
A59,False
A60,False
A61,False
A62,False
A63,False
A64,False
A65,False
A66,False
A67,False
A68,False
A69,False
A70,False
A71,False
A72,False
A73,False
A74,False
A75,False
A76,False
A77,False
A78,False
A79,False
A80,False
A81,False
A82,False
A83,False
A84,False
A85,False
A86,False
A87,False
A88,False
A89,False
A90,False
A91,False
A92,False
A93,False
A94,False
A95,False
A96,False
A97,False
A98,False
A99,False
A100,False
A101,False
A102,False
A103,False
A104,False
A105,False
A106,False
A107,False
A108,False
A109,False
A110,False
A111,False
A112,False
A113,False
A114,False
A115,False
A116,False
A117,False
A118,False
A119,False
A120,False
A121,False
A122,False
A123,False
A124,False
A125,False
A126,False
A127,False
A128,False
A129,False
A130,False
A131,False
A132,False
A133,False
A134,False
A135,False
A136,False
A137,False
A138,False
A139,False
A140,False
A141,False
A142,False
A143,False
A144,False
A145,False
A146,False
A147,False
A148,False
A149,False
A150,False
A151,False
A152,False
A153,False
A154,False
A155,False
A156,False
A157,False
A158,False
A159,False
A160,False
A161,False
A162,False
A163,False
A164,False
A165,False
A166,False
A167,False
A168,False
A169,False
A170,False
A171,False
A172,False
A173,False
A174,False
A175,False
A176,False
A177,False
A178,False
A179,False
A180,False
A181,False
A182,False
A183,False
A184,False
A185,False
A186,False
A187,False
A188,False
A189,False
A190,False
A191,False
A192,False
A193,False
A194,False
A195,False
A196,False
A197,False
A198,False
A199,False
A200,False
A201,False
A202,False
A203,False
A204,False
A205,False
A206,False
A207,False
A208,False
A209,False
A210,False
A211,False
A212,False
A213,False
A214,False
A215,False
A216,False
A217,False
A218,False
A219,False
A220,False
A221,False
A222,False
A223,False
A224,False
A225,False
A226,False
A227,False
A228,False
A229,False
A230,False
A231,False
A232,False
A233,False
A234,False
A235,False
A236,False
A237,False
A238,False
A239,False
A240,False
A241,False
A242,False
A243,False
A244,False
A245,False
A246,False
A247,False
A248,False
A249,False
A250,False
A251,False
A252,False
A253,False
A254,False
A255,False
A256,False
A257,False
A258,False
A259,False
A260,False
A261,False
A262,False
A263,False
A264,False
A265,False
A266,False
A267,False
A268,False
A269,False
A270,False
A271,False
A272,False
A273,False
A274,False
A275,False
A276,False
A277,False
A278,False
A279,False
A280,False
A281,False
A282,False
A283,False
A284,False
A285,False
A286,False
A287,False
A288,False
A289,False
A290,False
A291,False
A292,True
A293,True
A294,True
A295,True
A296,False
A297,False
A298,False
A299,False
A300,False
A301,False
A302,False
A303,False
A304,False
A305,False
A306,False
A307,False
A308,False
A309,False
A310,False
A311,False
A312,False
A313,False
A314,False
A315,False
A316,False
A317,False
A318,False
A319,False
A320,True
A321,True
A322,False
A323,False
A324,False
A325,False
A326,False
A327,False
A328,False
chain_break1,False
B1,False
B2,False
B3,False
B4,False
B5,False
B6,False
B7,False
B8,False
B9,False
B10,False
B11,False
B12,False
B13,False
B14,False
B15,False
B16,False
B17,False
B18,False
B19,True
B20,True
B21,False
B22,False
B23,False
B24,False
B25,False
B26,False
B27,False
B28,False
B29,False
B30,False
B31,False
B32,False
B33,False
B34,False
B35,False
B36,False
B37,False
B38,True
B39,False
B40,False
B41,True
B42,True
B43,True
B44,False
B45,True
B46,True
B47,True
B48,True
B49,True
B50,True
B51,False
B52,True
B53,True
B54,False
B55,False
B56,True
B57,False
B58,False
B59,False
B60,False
B61,False
B62,False
B63,False
B64,False
B65,False
B66,False
B67,False
B68,False
B69,False
B70,False
B71,False
B72,False
B73,False
B74,False
B75,False
B76,False
B77,False
B78,False
B79,False
B80,False
B81,False
B82,False
B83,False
B84,False
B85,False
B86,False
B87,False
B88,False
B89,False
B90,False
B91,False
B92,False
B93,False
B94,False
B95,False
B96,False
B97,False
B98,False
B99,False
B100,False
B101,False
B102,False
B103,False
B104,False
B105,False
B106,False
B107,False
B108,False
B109,False
B110,False
B111,False
B112,False
B113,False
B114,False
B115,False
B116,False
B117,False
B118,False
B119,False
B120,False
B121,False
B122,False
B123,False
B124,False
B125,False
B126,False
B127,False
B128,False
B129,False
B130,False
B131,False
B132,False
B133,False
B134,False
B135,False
B136,False
B137,False
B138,False
B139,False
B140,False
B141,False
B142,False
B143,False
B144,False
B145,False
B146,False
B147,False
B148,False
B149,False
B150,False
B151,False
B152,False
B153,False
B154,False
B155,False
B156,False
B157,False
B158,False
B159,False
B160,False
B161,False
B162,False
B163,False
B164,False
B165,False
B166,False
B167,False
B168,False
B169,False
B170,False
B171,False
B172,False
B173,False
chain_break2,False
H1,False
H2,False
H3,False
H4,False
H5,False
H6,False
H7,False
H8,False
H9,False
H10,False
H11,False
H12,False
H13,False
H14,False
H15,False
H16,False
H17,False
H18,False
H19,False
H20,False
H21,False
H22,False
H23,False
H24,False
H25,False
H26,False
H27,True
H28,True
H29,True
H30,True
H31,True
H32,True
H33,False
H34,False
H35,False
H36,False
H37,False
H38,False
H39,False
H40,False
H41,False
H42,False
H43,False
H44,False
H45,False
H46,False
H47,False
H48,False
H49,False
H50,False
H51,False
H52,False
H53,True
H54,True
H55,True
H56,False
H57,True
H58,False
H59,False
H60,False
H61,False
H62,False
H63,False
H64,False
H65,False
H66,False
H67,False
H68,False
H69,False
H70,False
H71,False
H72,False
H73,True
H74,True
H75,True
H76,True
H77,False
H78,False
H79,False
H80,False
H81,False
H82,False
H83,False
H84,False
H85,False
H86,False
H87,False
H88,False
H89,False
H90,False
H91,False
H92,False
H93,False
H94,False
H95,False
H96,False
H97,False
H98,False
H99,False
H100,False
H101,True
H102,True
H103,True
H104,False
H105,False
H106,False
H107,False
H108,False
H109,False
H110,False
H111,False
H112,False
H113,False
H114,False
H115,False
H116,False
H117,False
H118,False
H119,False
H120,False
H121,False
chain_break2,False
L1,False
L2,False
L3,False
L4,False
L5,False
L6,False
L7,False
L8,False
L9,False
L10,False
L11,False
L12,False
L13,False
L14,False
L15,False
L16,False
L17,False
L18,False
L19,False
L20,False
L21,False
L22,False
L23,False
L24,False
L25,False
L26,False
L27,False
L28,False
L29,False
L30,False
L31,False
L32,False
L33,False
L34,False
L35,False
L36,False
L37,False
L38,False
L39,False
L40,False
L41,False
L42,False
L43,False
L44,False
L45,False
L46,False
L47,False
L48,False
L49,False
L50,False
L51,False
L52,False
L53,False
L54,False
L55,False
L56,False
L57,False
L58,False
L59,False
L60,False
L61,False
L62,False
L63,False
L64,False
L65,False
L66,False
L67,False
L68,False
L69,False
L70,False
L71,False
L72,False
L73,False
L74,False
L75,False
L76,False
L77,False
L78,False
L79,False
L80,False
L81,False
L82,False
L83,False
L84,False
L85,False
L86,False
L87,False
L88,False
L89,False
L90,False
L91,False
L92,False
L93,False
L94,False
L95,False
L96,False
L97,False
L98,False
L99,False
L100,False
L101,False
L102,False
L103,False
L104,False
L105,False
L106,False
L107,False
L108,False
L109,False
EOS,False
